﻿ProductName,ProductURL,ProductPrice
Mens Watch Ultra Thin Wrist Watches for Men Fashion Waterproof Dress Stainless Steel Band,/gp/slredirect/picassoRedirect.html/ref=pa_sp_atf_aps_sr_pg1_1?ie=UTF8&adId=A06774793G3ARNZ4YSGFE&url=%2FUnisex-Minimalist-Waterproof-Classic-Pointer%2Fdp%2FB07PH8NGYJ%2Fref%3Dsr_1_1_sspa%3Fdchild%3D1%26keywords%3Dwatches%26qid%3D1586146289%26sr%3D8-1-spons%26psc%3D1&qualifier=1586146289&id=8919383465966091&widgetName=sp_atf,"$28
.
96"
"Roselyn Stainless Steel Japanese Quartz Watch with Nylon Strap, Red, 20 (Model: DW00100270)",/gp/slredirect/picassoRedirect.html/ref=pa_sp_mtf_aps_sr_pg1_1?ie=UTF8&adId=A022121411P8HFDRCYGUB&url=%2FDaniel-Wellington-Analogue-Textile-DW00100270%2Fdp%2FB07DB1WBX8%2Fref%3Dsr_1_18_sspa%3Fdchild%3D1%26keywords%3Dwatches%26qid%3D1586146289%26sr%3D8-18-spons%26psc%3D1&qualifier=1586146289&id=8919383465966091&widgetName=sp_mtf,
"Roselyn Stainless Steel Japanese Quartz Watch with Nylon Strap, Red, 20 (Model: DW00100268)",/gp/slredirect/picassoRedirect.html/ref=pa_sp_mtf_aps_sr_pg1_2?ie=UTF8&adId=A05148549X4TKDFU44B8&url=%2FDaniel-Wellington-Analogue-Textile-DW00100268%2Fdp%2FB07DB1X17M%2Fref%3Dsr_1_19_sspa%3Fdchild%3D1%26keywords%3Dwatches%26qid%3D1586146289%26sr%3D8-19-spons%26psc%3D1&qualifier=1586146289&id=8919383465966091&widgetName=sp_mtf,"$129
.
35"
Mens Watches Chronograph Stainless Steel Waterproof Date Analog Quartz Fashion Business Wrist Watches for Men,/gp/slredirect/picassoRedirect.html/ref=pa_sp_mtf_aps_sr_pg1_3?ie=UTF8&adId=A08984203GVU1B9NFDID0&url=%2FWatches-Chronograph-Stainless-Waterproof-Business%2Fdp%2FB07Z62B354%2Fref%3Dsr_1_20_sspa%3Fdchild%3D1%26keywords%3Dwatches%26qid%3D1586146289%26sr%3D8-20-spons%26psc%3D1&qualifier=1586146289&id=8919383465966091&widgetName=sp_mtf,"$28
.
04"
Mens Watches Fashion Simple Minimalist Waterproof Quartz Analog Dress Watch Designer Luxury Business Classic Dress Wrist Watch,/gp/slredirect/picassoRedirect.html/ref=pa_sp_mtf_aps_sr_pg1_4?ie=UTF8&adId=A0809653Q59GPE7VWV35&url=%2FWatches-Minimalist-Waterproof-Designer-Business%2Fdp%2FB07YYVPFH5%2Fref%3Dsr_1_21_sspa%3Fdchild%3D1%26keywords%3Dwatches%26qid%3D1586146289%26sr%3D8-21-spons%26psc%3D1&qualifier=1586146289&id=8919383465966091&widgetName=sp_mtf,"$23
.
99"
"Blackview Smart Watch for Android Phones and iOS Phones, All-Day Activity Tracker with Heart Rate Sleep Monitor, 1.3"" Full Touch Screen, 5ATM Waterproof Pedometer, Smartwatch for Men Women",/gp/slredirect/picassoRedirect.html/ref=pa_sp_btf_aps_sr_pg1_1?ie=UTF8&adId=A022636332GQAB3HJ3APL&url=%2FBlackview-Activity-Waterproof-Pedometer-Smartwatch%2Fdp%2FB0827YD3DC%2Fref%3Dsr_1_54_sspa%3Fdchild%3D1%26keywords%3Dwatches%26qid%3D1586146289%26sr%3D8-54-spons%26psc%3D1&qualifier=1586146289&id=8919383465966091&widgetName=sp_btf,"$39
.
88"
"Fitness Tracker Heart Rate Monitor Watches for Men Women,Fitness Watch IP68 Waterproof Digital Watch with Step Sleep Tracker Call Message Alerts,Smartwatch Compatible iPhone Android Phones",/gp/slredirect/picassoRedirect.html/ref=pa_sp_btf_aps_sr_pg1_2?ie=UTF8&adId=A0324383RE8M9TGMB6OY&url=%2FYAMAY-Fitness-Tracker-Waterproof-Compatible%2Fdp%2FB082LWRW39%2Fref%3Dsr_1_55_sspa%3Fdchild%3D1%26keywords%3Dwatches%26qid%3D1586146289%26sr%3D8-55-spons%26psc%3D1&qualifier=1586146289&id=8919383465966091&widgetName=sp_btf,"$35
.
99"
Mens Watch Ultra Thin Wrist Watches for Men Fashion Waterproof Dress Leather Strap,/gp/slredirect/picassoRedirect.html/ref=pa_sp_btf_aps_sr_pg1_3?ie=UTF8&adId=A06084931H05ALD8Z9A68&url=%2FMinimalist-Waterproof-Military-Classic-Pointer%25EF%25BC%2588Leather%25EF%25BC%2589%2Fdp%2FB07PG4657N%2Fref%3Dsr_1_56_sspa%3Fdchild%3D1%26keywords%3Dwatches%26qid%3D1586146289%26sr%3D8-56-spons%26psc%3D1&qualifier=1586146289&id=8919383465966091&widgetName=sp_btf,"$26
.
96"
Mens Watches Mechanical Automatic Self-Winding Stainless Steel Skeleton Luxury Waterproof Diamond Dial Wrist Watches for Men,/gp/slredirect/picassoRedirect.html/ref=pa_sp_btf_aps_sr_pg1_4?ie=UTF8&adId=A0291017VAERS7KLRZQY&url=%2FMechanical-Automatic-Self-Winding-Stainless-Waterproof%2Fdp%2FB07Z834V93%2Fref%3Dsr_1_57_sspa%3Fdchild%3D1%26keywords%3Dwatches%26qid%3D1586146289%26sr%3D8-57-spons%26psc%3D1&qualifier=1586146289&id=8919383465966091&widgetName=sp_btf,"$38
.
99"
Unisex Adult Analogue Quartz Watch with Textile Strap DW00100282,/gp/slredirect/picassoRedirect.html/ref=pa_sp_btf_aps_sr_pg1_5?ie=UTF8&adId=A03634642Q48B1BZKLUCT&url=%2FDaniel-Wellington-Analogue-Textile-DW00100282%2Fdp%2FB07DB2Z4NS%2Fref%3Dsr_1_58_sspa%3Fdchild%3D1%26keywords%3Dwatches%26qid%3D1586146289%26sr%3D8-58-spons%26psc%3D1&qualifier=1586146289&id=8919383465966091&widgetName=sp_btf,"$129
.
35"
Black Leather Mens Watch Fashion Analog Quartz Men Wrist Watches Casual Waterproof Military Wristwatch for Men Stainless Steel with Date,/gp/slredirect/picassoRedirect.html/ref=pa_sp_btf_aps_sr_pg1_6?ie=UTF8&adId=A02462583F2WY6QIK5COE&url=%2FNORTH-Waterproof-Military-Wristwatch-Stainless%2Fdp%2FB083Q99JR8%2Fref%3Dsr_1_59_sspa%3Fdchild%3D1%26keywords%3Dwatches%26qid%3D1586146289%26sr%3D8-59-spons%26psc%3D1&qualifier=1586146289&id=8919383465966091&widgetName=sp_btf,"$13
.
99"
"Stylish Wrist Watch for Men, Stainless Steel Strap Watches, Perfect Quartz Movement, Waterproof and Scratch Resistant, Analog Chronograph and Mechanical Business Watches, Best Mens Gift.",/gp/slredirect/picassoRedirect.html/ref=pa_sp_btf_aps_sr_pg1_7?ie=UTF8&adId=A029707937FJRIWL8KN7L&url=%2FBENYAR-Waterproof-Chronograph-Wristwatch-Stainless%2Fdp%2FB07GFSDNJS%2Fref%3Dsr_1_60_sspa%3Fdchild%3D1%26keywords%3Dwatches%26qid%3D1586146289%26sr%3D8-60-spons%26psc%3D1&qualifier=1586146289&id=8919383465966091&widgetName=sp_btf,"$32
.
98"
